Mo_Hinh,MAE,RMSE
XGBoost (tuned),8.50043773651123,10.988506554857777
Random Forest (tuned),10.468899999999998,13.76488415820812
Linear Regression,31.777388095821223,40.99412112757802
